,Optimal-alpha,No-FT,std-no-ft,LoRA,std-LoRA,Optimal,std_optimal
"('energy', 'california')",0.050186944560398364,1.3441799694262038,0.05373784465550449,1.3628556040770885,0.07423492940145983,1.3441963565328792,0.05411398792239386
"('energy', 'diabetes')",-0.3639621979578189,1.3488908409681208,0.0427570402986726,1.3414231271388297,0.0759959295024751,1.3553947862367526,0.034653337780061126
"('california', 'energy')",0.0317979721567664,1.1725216581493905,0.07028330460665205,1.1703533229375258,0.06451341162019779,1.1723785898224526,0.07011265369876826
"('california', 'diabetes')",-0.308007917907087,1.3488908409681208,0.0427570402986726,1.3595055575250736,0.0411854357560014,1.347158929034129,0.04402317973246493
"('diabetes', 'energy')",-1.1525394371954978,1.1725216581493905,0.07028330460665205,1.1796643814933485,0.07301474537494754,1.168665920849058,0.06690515995995412
"('diabetes', 'california')",-0.3769257666707462,1.3441799694262038,0.05373784465550449,1.3387878544504994,0.050764236685349316,1.3519080087865765,0.06301359361662126
