,Optimal-alpha,No-FT,std-no-ft,LoRA,std-LoRA,Optimal,std_optimal
"('energy', 'california')",0.053718304404382376,1.3867946557478217,0.009718236082725616,1.8680025571291843,0.022081692874417393,1.384439642104671,0.00903467302148784
"('energy', 'diabetes')",-0.3639621979578189,1.3813038377336424,0.046998063690666246,2.1463550368869413,0.01403446235742116,1.2956213996552617,0.035621683686271485
"('california', 'energy')",0.0317979721567664,1.745809642561749,0.04300363325446375,1.8677480253744037,0.09627201873350143,1.745840783588422,0.04425016197926909
"('california', 'diabetes')",-0.308007917907087,1.3813038377336424,0.046998063690666246,1.691298107358487,0.07255556417306805,1.3526854236448373,0.04023042418451711
"('diabetes', 'energy')",-1.1525394371954978,1.745809642561749,0.04300363325446375,2.179601277178252,0.052577488947594196,1.5125917757071397,0.07135620401534884
"('diabetes', 'california')",-0.3769257666707462,1.3867946557478217,0.009718236082725616,1.665629403841592,0.03666933818205059,1.3575391762925444,0.008964906633863137
