,Optimal-alpha,No-FT,std-no-ft,LoRA,std-LoRA,Optimal,std_optimal
"('energy', 'california')",0.04649846850669775,1.5209884084836098,0.09554525545213786,1.605657127181655,0.1089221674654028,1.523053756677984,0.09365644575775477
"('energy', 'diabetes')",-0.3639621979578189,1.495094254066758,0.008218145044690124,1.4805419450312371,0.04234858366192154,1.5081329066042377,0.010124027009582485
"('california', 'energy')",0.0317979721567664,1.3129074219437353,0.06052351571175379,1.3134699126461988,0.07336110814114619,1.3128224737500198,0.06087325877637606
"('california', 'diabetes')",-0.308007917907087,1.495094254066758,0.008218145044690124,1.4984930684400837,0.02816537082293572,1.4962256785409016,0.004013443971124181
"('diabetes', 'energy')",-1.1525394371954978,1.3129074219437353,0.06052351571175379,1.3191262149389509,0.058021705637426514,1.3121671152346972,0.062739909169031
"('diabetes', 'california')",-0.3769257666707462,1.5209884084836098,0.09554525545213786,1.5029801897912993,0.12175849421318026,1.5375128502797242,0.09650317274224392
