,Optimal-alpha,No-FT,std-no-ft,LoRA,std-LoRA,Optimal,std_optimal
"('energy', 'california')",0.005856229066227958,1.2858417073362298,0.004831565179401641,1.5389092493173708,0.04629733103778429,1.285791970142614,0.004585142920624719
"('energy', 'diabetes')",-0.3639621979578189,1.3404748152748986,0.07292562102653716,1.6380198169176283,0.08014167912786499,1.3283699682323362,0.04929473580447701
"('california', 'energy')",0.0317979721567664,1.4307971193438334,0.059195407309794,1.4735984289700033,0.13201682380033325,1.4304454072015549,0.061878444803001455
"('california', 'diabetes')",-0.308007917907087,1.3404748152748986,0.07292562102653716,1.483083764833764,0.09863043089686926,1.32742613694411,0.06864834134439332
"('diabetes', 'energy')",-1.1525394371954978,1.4307971193438334,0.059195407309794,1.6003941528972663,0.03624702086278802,1.3580354117397677,0.08997553034832183
"('diabetes', 'california')",-0.3769257666707462,1.2858417073362298,0.004831565179401641,1.4252791225854844,0.01726410924135455,1.2747211230782358,0.010776637686809998
