,Optimal-alpha,No-FT,std-no-ft,LoRA,std-LoRA,Optimal,std_optimal
"('energy', 'california')",0.05839153828600357,0.973031373022626,0.012083182144749507,1.5374503670505728,0.006013597439869131,0.968976443621417,0.01104064725217234
"('energy', 'diabetes')",-0.3961863008368134,0.968523646463345,0.012818413869438813,1.8875662813541825,0.06374409567191672,0.8384353493595392,0.015486322422214439
"('california', 'energy')",0.11405150200089108,1.3453683466614432,0.02505553892046086,1.4571390076972686,0.08104539951545489,1.3418346239574301,0.032376606242975385
"('california', 'diabetes')",-0.35479096022691825,0.968523646463345,0.012818413869438813,1.3727479312681845,0.013507583493216497,0.9238079245031381,0.015482448359800878
"('diabetes', 'energy')",-1.3988327304733386,1.3453683466614432,0.02505553892046086,1.8656402153319627,0.018395975015216615,0.9647593540710333,0.034912827020032
"('diabetes', 'california')",-0.431755809777131,0.973031373022626,0.012083182144749507,1.3487216027959708,0.02896374585348169,0.9223080357895007,0.0027190377413869203
