,Optimal-alpha,No-FT,std-no-ft,LoRA,std-LoRA,Optimal,std_optimal
"('energy', 'california')",0.09579381024583859,2.214210088745172,0.0037942515672185592,2.5302872205594276,0.018706662620969677,2.2112864423246115,0.0023850005234834245
"('energy', 'diabetes')",-0.32590895589649815,2.203192289728905,0.07426070512155962,2.749640680001976,0.06578466602920412,2.155215175599586,0.0588790056518716
"('california', 'energy')",-0.07857018330296942,2.458538154619221,0.08641132371695222,2.527011724552347,0.14300717121920353,2.4608896403350027,0.08311398845625644
"('california', 'diabetes')",-0.2479920215709922,2.203192289728905,0.07426070512155962,2.4151043743817353,0.0870072137097946,2.186397608948985,0.07193680219407592
"('diabetes', 'energy')",-0.7105441967875487,2.458538154619221,0.08641132371695222,2.769288996438636,0.08873803108697112,2.3699059307558383,0.10490638474674988
"('diabetes', 'california')",-0.286076649568764,2.214210088745172,0.0037942515672185592,2.40419134653519,0.003205197205451064,2.2001755471636866,0.0045915638614080385
